scorer,AT,AT,AT,AT,AT,AT,AT,AT,AT,AT,AT,AT,AT,AT,AT,AT,AT,AT,AT,AT
bodyparts,pupil 0,pupil 0,pupil 45,pupil 45,pupil 90,pupil 90,pupil 135,pupil 135,pupil 180,pupil 180,pupil 225,pupil 225,pupil 270,pupil 270,pupil 315,pupil 315,eyelid top,eyelid top,eyelid bot,eyelid bot
coords,x,y,x,y,x,y,x,y,x,y,x,y,x,y,x,y,x,y,x,y
labeled-data\2015-12-20_1_M151203_FR068_eye\img00936.png,456.442001845344,166.8633595899426,455.3303520773415,164.44674958492584,451.472198463789,161.99156092175608,448.3155273254279,164.44674958492584,446.21107989985387,167.60342072328694,445.8603386622582,171.11083309924373,449.71849227581066,173.5660217624135,452.87516341417177,170.76009186164805,434.63661905919645,84.12700617551533,449.0170098006193,269.6691208636296
labeled-data\2015-12-20_1_M151203_FR068_eye\img02612.png,449.180430183774,139.18138741363953,448.9753868839506,135.78687694804205,446.01894629414255,134.47290335257182,442.40551890659947,136.77235714464473,440.76305191226163,140.05729113332032,441.22132436425636,143.9568509053501,443.44987399372127,146.50376476759573,448.86206595099327,140.77320857754304,434.5356754758615,68.1861635035423,448.54370171821256,264.29853089645655
labeled-data\2015-12-20_1_M151203_FR068_eye\img03038.png,460.6822754987735,168.2360147732795,457.9655673790447,160.42547892905955,452.19256262462136,157.36918229436478,446.4195578701979,160.76506744402562,442.34449569060484,166.87766071341517,444.0424382654353,174.00901952770295,450.15503153482484,176.72572764743163,457.2863903491126,173.66943101273685,451.17379707972304,92.50777593584249,451.5133855946891,275.20639698759635
labeled-data\2015-12-20_1_M151203_FR068_eye\img07963.png,466.45528025319686,167.55683774334733,464.0781606484343,162.80259853382213,460.3426869838074,160.76506744402562,455.9280362892482,163.8213640787204,453.21132816951956,168.5756032882456,455.2488592593161,174.00901952770295,461.7010410436717,175.3673735875673,465.43651470829866,171.97148843790643,452.8717396545535,88.09312524128336,450.834208564757,281.9981672869181
labeled-data\2015-12-20_1_M151203_FR068_eye\img08706.png,453.5509166844856,165.17971813858472,451.8529741096553,159.74630189912736,445.0612038103335,154.99206268960216,442.0049071756388,162.12342150388997,439.6277875708762,166.87766071341517,442.34449569060484,173.32984249777078,448.4570889599944,175.3673735875673,452.19256262462136,170.273545863076,445.40079232529956,110.50596722904501,447.09873490013,256.86861717942776
labeled-data\2015-12-20_1_M151203_FR068_eye\img10452.png,454.90927074435,166.87766071341517,456.2676248042144,161.78383298892388,452.19256262462136,160.08589041409346,447.4383234150961,162.12342150388997,445.74038084026574,165.17971813858472,443.36326123550316,170.273545863076,448.1175004450283,171.29231140797427,452.19256262462136,171.29231140797427,451.5133855946891,86.73477118141903,453.21132816951956,280.30022471208764
labeled-data\2015-12-20_1_M151203_FR068_eye\img11748.png,463.0593951035361,160.08589041409346,461.7010410436717,155.33165120456826,456.9468018341465,153.63370862973784,451.8529741096553,154.6524741746361,450.15503153482484,160.76506744402562,450.4946200497909,166.87766071341517,455.2488592593161,168.91519180321166,461.7010410436717,165.8588951685169,446.75914638516394,90.13065633107988,448.1175004450283,269.0938037182068
labeled-data\2015-12-20_1_M151203_FR068_eye\img14201.png,454.90927074435,164.84012962361865,452.5321511395874,158.04835932429694,445.74038084026574,155.67123971953436,438.6090220259779,162.12342150388997,435.55272539128316,167.55683774334733,440.6465531157744,172.65066546783862,446.4195578701979,174.00901952770295,450.834208564757,170.6131343780421,446.4195578701979,41.229910175963596,441.6653186606727,279.2814591671894
labeled-data\2015-12-20_1_M151203_FR068_eye\img15071.png,465.0969261933326,164.50054110865256,463.39898361850214,159.4067133841613,458.3051558940109,157.36918229436478,454.2300937144179,161.1046559589917,452.19256262462136,165.8588951685169,452.8717396545535,168.5756032882456,457.6259788640788,169.9339573481099,462.71980658857,168.2360147732795,453.21132816951956,61.94480958889483,444.7216152953674,280.30022471208764
labeled-data\2015-12-20_1_M151203_FR068_eye\img15915.png,457.6259788640788,161.1046559589917,455.58844777428226,154.99206268960216,451.17379707972316,153.9732971447039,447.4383234150962,156.6900052644326,444.7216152953674,160.08589041409346,444.38202678040136,166.19848368348298,447.4383234150962,169.9339573481099,454.56968222938394,165.8588951685169,446.0799693552318,77.9054697923008,443.0236727205371,276.9043395624268
labeled-data\2015-12-20_1_M151203_FR068_eye\img18522.png,462.38021807360394,162.80259853382213,457.96556737904484,158.7275363542291,453.8905051994518,153.9732971447039,449.4758545048927,156.6900052644326,445.74038084026574,164.84012962361865,448.1175004450283,168.2360147732795,452.19256262462136,172.65066546783862,456.2676248042144,168.2360147732795,451.17379707972316,106.77049356441808,449.8154430198588,256.18944014949557
labeled-data\2015-12-20_1_M151203_FR068_eye\img21449.png,458.3051558940109,168.5756032882456,456.2676248042144,163.4817755637543,450.834208564757,160.76506744402562,447.77791193006226,164.50054110865256,447.0987349001301,169.9339573481099,448.1175004450283,174.00901952770295,451.17379707972316,175.0277850726012,455.2488592593161,172.31107695287253,457.2863903491126,101.67666583992678,443.7028497504692,275.20639698759635
labeled-data\2015-12-20_1_M151203_FR068_eye\img23404.png,459.6635099538753,168.2360147732795,457.96556737904484,161.44424447395778,453.21132816951956,160.08589041409346,448.4570889599944,162.80259853382213,446.0799693552318,169.9339573481099,448.79667747496046,174.00901952770295,453.21132816951956,176.38613913246556,457.2863903491126,171.97148843790643,453.8905051994518,95.56407257053726,447.4383234150962,275.20639698759635
labeled-data\2015-12-20_1_M151203_FR068_eye\img26126.png,458.3051558940109,166.53807219844907,455.9280362892483,162.46301001885604,452.19256262462136,158.38794783926303,448.4570889599944,163.8213640787204,446.4195578701979,167.21724922838123,448.1175004450283,171.29231140797427,451.8529741096553,172.65066546783862,455.2488592593161,169.59436883314385,452.19256262462136,108.4684361392485,455.58844777428226,263.66038747874944
labeled-data\2015-12-20_1_M151203_FR068_eye\img30698.png,460.6822754987735,170.273545863076,459.3239214389091,164.50054110865256,457.6259788640788,161.1046559589917,453.8905051994518,165.8588951685169,451.17379707972316,171.29231140797427,452.19256262462136,175.0277850726012,456.2676248042144,174.00901952770295,457.96556737904484,172.9902539828047,450.834208564757,113.22267534877369,440.3069646008083,267.3958611433764
labeled-data\2015-12-20_1_M151203_FR068_eye\img30852.png,394.80210359535295,172.31107695287253,392.0853954756243,169.25478031817775,389.3686873558956,168.91519180321168,386.6519792361669,170.95272289300817,383.93527111643823,172.9902539828047,387.3311562660991,172.9902539828047,390.7270414157599,172.9902539828047,391.7458069606582,174.00901952770295,441.6653186606727,157.70877080933084,443.7028497504692,188.9509141862107
labeled-data\2015-12-20_1_M151203_FR068_eye\img31205.png,457.2863903491126,163.4817755637543,457.2863903491126,158.7275363542291,451.8529741096553,156.6900052644326,446.4195578701979,157.70877080933084,447.0987349001301,163.4817755637543,447.77791193006226,169.59436883314385,450.15503153482484,172.9902539828047,456.9468018341465,170.95272289300817,450.4946200497909,136.65428288143357,447.0987349001301,228.34318192227659
labeled-data\2015-12-20_1_M151203_FR068_eye\img32006.png,462.71980658857,157.02959377939868,461.3614525287056,151.93576605490742,456.2676248042144,146.50234981545003,454.56968222938394,152.27535456987349,451.17379707972316,158.7275363542291,452.19256262462136,164.50054110865256,458.98433292394304,164.50054110865256,464.7573376783665,166.87766071341517,447.77791193006226,118.31650307326495,444.0424382654353,252.45396648486866
labeled-data\2015-12-20_1_M151203_FR068_eye\img32363.png,462.71980658857,164.1609525936865,462.71980658857,153.9732971447039,453.55091668448574,155.33165120456826,449.8154430198588,160.76506744402562,448.4570889599944,164.1609525936865,451.17379707972316,170.95272289300817,454.56968222938394,171.97148843790643,460.6822754987735,169.9339573481099,446.75914638516394,108.80802465421456,443.0236727205371,248.03931579030956
labeled-data\2015-12-20_1_M151203_FR068_eye\img36155.png,451.8529741096553,166.19848368348298,446.75914638516394,161.44424447395778,439.2881990559101,158.04835932429694,436.2319024212153,163.4817755637543,434.1943713314189,169.9339573481099,438.94861054094406,172.65066546783862,444.0424382654353,175.0277850726012,446.75914638516394,171.29231140797427,445.74038084026574,141.74811060592484,446.0799693552318,207.6282825093454
labeled-data\2015-12-20_2_M151203_FR068_eye\img00233.png,458.41906080508926,165.43552127292372,456.35727339279515,160.2810527421885,452.5773298035893,159.5937902714238,446.3919675667071,164.40462756677667,445.70470509594236,171.27725227442363,450.1719111559129,175.40082709901182,454.29548598050104,174.71356462824713,458.0754295697069,170.9336210390413,446.3919675667071,71.62419401354265,445.36107386056,277.45930400756924
labeled-data\2015-12-20_2_M151203_FR068_eye\img00622.png,453.95185474511874,167.15367744983547,449.4846486851482,162.3428401544826,444.330180154413,159.5937902714238,440.5502365652071,164.74825880215903,438.1448179175307,169.21546486212955,440.5502365652071,173.33903968671774,445.70470509594236,173.33903968671774,451.2028048620599,170.58998980365894,443.64291768364825,79.1840811919543,438.83208038829537,277.1156727721869
labeled-data\2015-12-20_2_M151203_FR068_eye\img01303.png,450.51554239129524,163.71736509601197,448.1101237436188,157.5320028591297,441.23749903597184,153.06479679915918,433.3339806221778,159.5937902714238,429.8976682683543,164.74825880215903,433.6776118575602,171.96451474518835,442.9556552128836,172.30814598057069,449.14101744976585,168.87183362674722,435.05213679908957,56.848050892101696,437.1139242113837,278.14656647833397
labeled-data\2015-12-20_2_M151203_FR068_eye\img02549.png,446.7355988020894,174.02630215748243,443.29928644826595,168.1845711559825,438.1448179175307,164.40462756677667,429.554037032972,167.84093992060016,427.14861838529555,174.71356462824713,427.83588085606027,181.24255810051173,433.6776118575602,183.64797674818817,440.8938678005895,179.5244019236,437.80118668214834,35.199283063013695,429.2104057975897,277.80293524295155
labeled-data\2015-12-20_2_M151203_FR068_eye\img02923.png,445.36107386056017,173.68267092210002,440.89386780058953,168.5282023913648,434.3648743283249,165.779152508306,429.5540370329721,170.93362103904124,427.1486183852956,177.1189832759235,432.6467181514132,181.2425581005117,438.4884491529131,179.52440192359995,442.9556552128837,178.14987698207057,432.24526590727714,32.65388522092428,425.7740934437662,279.5210914198633
labeled-data\2015-12-20_2_M151203_FR068_eye\img04331.png,457.42267298104514,166.81661563512952,454.7342639042303,159.90356372331993,450.50962106923555,158.751388404685,445.5168613551508,159.90356372331993,441.2922185201561,165.6644403164946,442.060335399246,172.57749222830418,449.3574457506006,176.03401818420897,453.96614702514034,172.96155066784917,437.06757568516133,36.23674618983722,434.3791666083465,281.65008905907774
labeled-data\2015-12-20_2_M151203_FR068_eye\img05754.png,456.65455610195517,162.59197280013478,453.19803014605037,155.2948624487802,446.2849782342408,154.91080400923522,442.060335399246,159.90356372331993,440.9081600806111,166.81661563512952,442.828452278336,169.88908315148933,448.97338731105566,170.6572000305793,457.0386145415002,167.2006740746745,443.59656915742596,42.76573966210185,445.13280291560585,283.1863228172577
labeled-data\2015-12-20_2_M151203_FR068_eye\img05991.png,465.48790021148966,167.58473251421947,462.03137425558486,162.59197280013478,455.50238078332023,159.90356372331993,450.1255626296906,162.2079143605898,446.2849782342408,169.88908315148933,450.1255626296906,175.26590130511903,456.65455610195517,175.64995974466402,460.11108205785996,172.19343378875922,444.7487444760609,34.70051243165733,446.66903667378574,280.4979137404428
labeled-data\2015-12-20_2_M151203_FR068_eye\img07295.png,455.1183223437753,168.7369078328544,450.8936795087805,162.2079143605898,445.13280291560585,158.751388404685,439.75598476197615,165.6644403164946,438.21975100379626,168.7369078328544,442.828452278336,174.88184286557404,447.4371535528757,175.64995974466402,450.8936795087805,172.57749222830418,443.21251071788095,46.6063240575516,450.8936795087805,280.11385530089785
labeled-data\2015-12-20_2_M151203_FR068_eye\img08091.png,458.57484829968007,163.74414811876971,453.5820885855954,157.98327152559506,448.58932887151065,156.06297932787015,444.7487444760609,159.51950528377495,442.828452278336,164.89632343740465,445.13280291560585,170.27314159103432,449.7415041901456,171.80937534921424,455.1183223437753,166.81661563512952,442.44439383879103,59.28025256253585,449.3574457506006,276.65732934499306
labeled-data\2015-12-20_2_M151203_FR068_eye\img08701.png,450.50962106923555,162.59197280013478,448.97338731105566,157.21515464650508,444.7487444760609,156.06297932787015,440.5241016410661,156.83109620696013,438.98786788288623,160.28762216286492,437.06757568516133,166.43255719558454,440.9081600806111,167.96879095376445,447.4371535528757,166.81661563512952,438.6038094433412,65.80924603480048,445.5168613551508,277.041387784538
labeled-data\2015-12-20_2_M151203_FR068_eye\img09028.png,441.2922185201561,162.2079143605898,439.75598476197615,158.36732996514002,435.53134192698144,153.7586286906003,430.9226406524417,156.83109620696013,427.0820562569919,161.8238559210448,425.545822498812,166.04849875603958,429.7704653338068,169.1209662723994,436.29945880607136,167.58473251421947,436.6835172456164,85.01216801204936,438.98786788288623,260.526874884104
labeled-data\2015-12-20_2_M151203_FR068_eye\img09228.png,441.2922185201561,162.2079143605898,439.75598476197615,157.21515464650508,434.3791666083465,156.83109620696013,428.23423157562684,157.98327152559506,427.0820562569919,162.59197280013478,428.23423157562684,167.58473251421947,433.9951081688015,167.96879095376445,438.21975100379626,164.51226499785966,436.29945880607136,115.73684317564752,436.29945880607136,232.87466723686563
labeled-data\2015-12-20_2_M151203_FR068_eye\img09298.png,449.7415041901456,161.05573904195487,447.82121199242073,156.83109620696013,442.828452278336,154.14268713014528,437.06757568516133,156.44703776741514,436.6835172456164,160.67168060240988,439.75598476197615,164.51226499785966,442.44439383879103,166.04849875603958,446.2849782342408,163.74414811876971,444.3646860365159,91.54116148431396,443.21251071788095,254.76599829092936
labeled-data\2015-12-20_2_M151203_FR068_eye\img09720.png,457.0386145415002,168.35284939330944,453.96614702514034,166.04849875603958,450.1255626296906,164.51226499785966,448.97338731105566,167.2006740746745,445.5168613551508,171.42531690966925,447.4371535528757,173.7296675469391,449.7415041901456,174.49778442602909,455.50238078332023,172.96155066784917,444.7487444760609,75.7947654629699,458.57484829968007,273.5848618286332
labeled-data\2015-12-20_2_M151203_FR068_eye\img10241.png,450.8936795087805,170.27314159103432,447.82121199242073,164.89632343740465,442.060335399246,163.36008967922473,436.6835172456164,165.6644403164946,435.53134192698144,172.57749222830418,439.75598476197615,175.64995974466402,446.2849782342408,177.95431038193388,450.50962106923555,173.7296675469391,446.2849782342408,84.62810957250437,455.88643922286525,272.4326865099983
labeled-data\2015-12-20_2_M151203_FR068_eye\img10883.png,452.42991326696045,169.88908315148933,449.7415041901456,166.04849875603958,446.66903667378574,164.51226499785966,442.060335399246,166.43255719558454,438.6038094433412,169.1209662723994,439.75598476197615,173.7296675469391,444.3646860365159,174.49778442602909,447.05309511333076,172.96155066784917,443.9806275969709,87.31651864931922,447.82121199242073,275.8892124659031
labeled-data\2015-12-20_2_M151203_FR068_eye\img11523.png,452.04585482741544,168.35284939330944,450.1255626296906,165.2803818769496,447.4371535528757,162.97603123967974,443.59656915742596,166.81661563512952,440.5241016410661,169.88908315148933,440.5241016410661,174.49778442602909,443.59656915742596,175.64995974466402,449.7415041901456,172.57749222830418,451.2777379483255,88.46869396795415,450.8936795087805,274.3529787077232
labeled-data\2015-12-20_2_M151203_FR068_eye\img12642.png,449.3574457506006,169.88908315148933,445.5168613551508,166.43255719558454,442.44439383879103,165.6644403164946,436.6835172456164,168.7369078328544,435.53134192698144,174.49778442602909,440.5241016410661,176.41807662375396,446.2849782342408,176.03401818420897,448.97338731105566,173.7296675469391,444.7487444760609,88.46869396795415,445.13280291560585,271.28051119136336
labeled-data\2015-12-20_2_M151203_FR068_eye\img12868.png,448.58932887151065,171.80937534921424,447.05309511333076,168.35284939330944,442.828452278336,166.04849875603958,438.21975100379626,168.35284939330944,436.29945880607136,172.96155066784917,437.8356925642513,176.80213506329895,441.67627695970106,179.49054414011377,444.7487444760609,175.64995974466402,446.66903667378574,86.16434333068429,447.05309511333076,270.8964527518184
labeled-data\2016-09-13_2_M160818_FR101_eye\img00376.png,487.91343507800815,134.4662109901365,486.2609731078607,130.83079465581204,481.6340795914478,129.17833268566457,476.67669368100536,130.83079465581204,476.67669368100536,134.79670338416597,475.6852164989169,139.0931045065494,480.3121100153298,141.73704365878532,485.9304807138312,138.7626121125199,482.29506437950675,57.130990787234936,486.92195789591966,240.88476186763344
labeled-data\2016-09-13_2_M160818_FR101_eye\img00750.png,490.2268818362146,134.13571859610698,490.2268818362146,128.18685550357608,485.9304807138312,126.53439353342861,480.6426024093593,129.50882507969408,476.67669368100536,134.4662109901365,476.3462012869759,139.75408929460838,480.6426024093593,141.07605887072634,485.5999883198017,139.0931045065494,481.30358719741827,50.85163530067456,477.0071860750349,244.18968580792838
labeled-data\2016-09-13_2_M160818_FR101_eye\img01538.png,487.5829426839787,134.13571859610698,486.5914655018902,129.17833268566457,482.29506437950675,125.21242395731065,477.0071860750349,128.18685550357608,474.69373931682844,134.4662109901365,475.6852164989169,140.74556647669687,480.6426024093593,140.41507408266736,485.9304807138312,138.4321197184904,476.67669368100536,48.20769614843863,474.3632469227989,242.86771623181042
labeled-data\2016-09-13_2_M160818_FR101_eye\img03076.png,504.43805477948285,138.4321197184904,501.4636232332174,130.16980986775306,492.8708209884506,125.87340874536963,487.5829426839787,130.16980986775306,481.9645719854773,139.42359690057887,483.94752634965425,148.6773839334047,490.2268818362146,153.30427744981762,500.1416536570994,148.6773839334047,480.9730948033888,39.61489390367177,495.18426774665704,244.18968580792838
labeled-data\2016-09-13_2_M160818_FR101_eye\img03381.png,492.8708209884506,135.45768817222495,492.54032859442106,131.16128704984155,488.2439274720377,129.50882507969408,483.6170339556247,132.15276423193,481.30358719741827,137.11015014237242,482.29506437950675,145.70295238713925,487.2524502899492,145.04196759908027,492.54032859442106,141.40655126475585,485.9304807138312,47.21621896635014,469.07536861832705,242.5372238377809
labeled-data\2016-09-13_2_M160818_FR101_eye\img04769.png,487.91343507800815,136.11867296028393,484.6085111377132,130.50030226178254,479.9816176213003,129.50882507969408,477.3376784690644,133.1442414140185,474.69373931682844,138.7626121125199,476.67669368100536,144.38098281102128,481.6340795914478,145.37245999310977,485.5999883198017,140.74556647669687,476.67669368100536,55.14803642305799,477.66817086309385,241.87623904972193
labeled-data\2016-09-13_2_M160818_FR101_eye\img05081.png,488.2439274720377,134.79670338416597,485.5999883198017,130.50030226178254,480.3121100153298,128.5173478976056,474.69373931682844,132.15276423193,472.38029255862193,137.7711349304314,474.3632469227989,143.3895056289328,480.9730948033888,146.03344478116875,486.92195789591966,141.07605887072634,479.9816176213003,47.87720375440912,476.3462012869759,246.83362496016434
labeled-data\2016-09-13_2_M160818_FR101_eye\img05733.png,487.5829426839787,136.44916535431344,484.6085111377132,132.81374901998902,480.9730948033888,128.8478402916351,476.67669368100536,134.79670338416597,474.3632469227989,140.41507408266736,477.9986632571233,145.04196759908027,483.94752634965425,143.3895056289328,485.5999883198017,140.74556647669687,482.6255567735363,52.834589664851535,478.32915565115286,239.89328468554498
labeled-data\2016-09-13_2_M160818_FR101_eye\img07267.png,491.54885141233257,136.44916535431344,488.57441986606716,133.1442414140185,484.6085111377132,130.50030226178254,478.65964804518234,132.81374901998902,476.3462012869759,137.44064253640192,475.0242317108579,144.7114752050508,478.9901404392118,149.0078763274342,487.2524502899492,144.0504904169918,478.9901404392118,55.80902121111697,468.7448762242975,237.910330321368
labeled-data\2016-09-13_2_M160818_FR101_eye\img07527.png,486.5914655018902,135.78818056625445,484.27801874368373,131.82227183790053,478.65964804518234,130.16980986775306,475.6852164989169,132.81374901998902,472.71078495265147,137.7711349304314,474.3632469227989,144.0504904169918,479.6511252272708,145.37245999310977,484.27801874368373,140.74556647669687,477.0071860750349,61.09689951558886,473.3717697407104,239.23229989748597
labeled-data\2016-09-13_2_M160818_FR101_eye\img08051.png,487.91343507800815,134.79670338416597,485.9304807138312,130.16980986775306,478.32915565115286,129.50882507969408,475.3547241048874,133.1442414140185,472.38029255862193,137.7711349304314,472.38029255862193,144.38098281102128,477.9986632571233,146.36393717519826,485.5999883198017,142.06753605281483,482.29506437950675,55.14803642305799,484.27801874368373,241.21525426166295
labeled-data\2016-09-13_2_M160818_FR101_eye\img09136.png,487.5829426839787,137.11015014237242,484.27801874368373,131.82227183790053,478.32915565115286,130.16980986775306,474.69373931682844,134.79670338416597,472.04980016459245,138.7626121125199,475.3547241048874,143.05901323490332,480.6426024093593,145.04196759908027,485.2694959257722,142.06753605281483,480.9730948033888,65.7237930320018,478.32915565115286,238.571315109427
labeled-data\2016-09-13_2_M160818_FR101_eye\img09952.png,487.5829426839787,139.42359690057887,484.27801874368373,135.78818056625445,481.9645719854773,134.79670338416597,479.9816176213003,135.78818056625445,477.3376784690644,137.7711349304314,476.67669368100536,141.73704365878532,478.9901404392118,145.70295238713925,483.6170339556247,143.3895056289328,481.6340795914478,65.06280824394278,474.03275452876943,243.5287010198694
labeled-data\2016-09-13_2_M160818_FR101_eye\img11080.png,489.56589704815565,137.7711349304314,485.9304807138312,133.1442414140185,482.29506437950675,130.83079465581204,477.9986632571233,134.4662109901365,476.0157088929464,139.42359690057887,477.3376784690644,144.38098281102128,483.6170339556247,145.37245999310977,488.2439274720377,141.73704365878532,478.65964804518234,60.76640712155938,476.67669368100536,241.54574665569243
labeled-data\2016-09-13_2_M160818_FR101_eye\img11276.png,489.2354046541261,137.44064253640192,487.2524502899492,133.474733808048,483.28654156159524,130.83079465581204,480.9730948033888,134.79670338416597,479.6511252272708,137.11015014237242,477.9986632571233,141.07605887072634,483.6170339556247,143.3895056289328,487.91343507800815,141.07605887072634,481.30358719741827,60.1054223335004,480.9730948033888,241.21525426166295
labeled-data\2016-09-13_2_M160818_FR101_eye\img11606.png,487.2524502899492,136.11867296028393,485.2694959257722,132.15276423193,480.9730948033888,131.16128704984155,477.9986632571233,135.78818056625445,475.3547241048874,139.42359690057887,477.9986632571233,144.38098281102128,482.95604916756577,144.38098281102128,485.2694959257722,140.08458168863785,477.66817086309385,68.36773218423772,478.9901404392118,235.92737595719103
labeled-data\2016-09-13_2_M160818_FR101_eye\img12529.png,503.77706999142384,134.79670338416597,499.81116126306995,127.19537832148762,492.54032859442106,124.22094677522216,487.2524502899492,128.18685550357608,481.9645719854773,134.4662109901365,482.6255567735363,144.0504904169918,489.8963894421851,149.3383687214637,499.4806688690404,144.7114752050508,480.3121100153298,48.538188542468106,479.6511252272708,249.80805650642978
labeled-data\2016-09-13_2_M160818_FR101_eye\img12882.png,488.90491226009664,135.45768817222495,485.5999883198017,129.83931747372355,481.6340795914478,128.18685550357608,477.66817086309385,131.16128704984155,476.0157088929464,137.11015014237242,478.9901404392118,141.40655126475585,483.28654156159524,142.7285208408738,485.9304807138312,137.7711349304314,483.28654156159524,56.47000599917595,478.65964804518234,242.5372238377809
labeled-data\2016-09-13_2_M160818_FR101_eye\img13561.png,487.2524502899492,134.79670338416597,484.6085111377132,131.82227183790053,481.30358719741827,129.17833268566457,477.3376784690644,132.81374901998902,473.04127734668094,136.11867296028393,476.3462012869759,140.08458168863785,479.6511252272708,140.41507408266736,483.6170339556247,137.7711349304314,481.30358719741827,71.01167133647368,474.69373931682844,237.24934553330903
labeled-data\2016-09-13_2_M160818_FR101_eye\img15031.png,487.5829426839787,133.80522620207748,483.94752634965425,129.17833268566457,478.65964804518234,127.19537832148762,475.3547241048874,131.49177944387102,471.719307770563,136.11867296028393,474.69373931682844,140.41507408266736,478.32915565115286,142.39802844684434,482.95604916756577,138.7626121125199,485.5999883198017,68.69822457826723,486.5914655018902,231.63097483480763
labeled-data\2016-09-13_3_M160818_FR101_eye\img00636.png,494.08059215780736,133.51122545961067,492.50395331212235,127.2046700768708,486.985717352225,124.44555209692211,480.28500225806386,129.96378805681948,478.3142037009577,135.08786430529562,479.10252312380015,141.00025997661425,486.19739792938253,145.3360168022479,490.9273144664374,139.81778084235052,488.9565159093312,47.97856808120122,479.10252312380015,241.90514610045213
labeled-data\2016-09-13_3_M160818_FR101_eye\img01082.png,489.15938807621325,134.93662847336856,487.0826326074347,132.02917081707855,483.75982385738894,129.12171316078852,480.0216640135875,133.69057519210142,476.28350416978606,139.09013941092573,477.52955745105317,142.41294816097147,481.6830683886103,143.6590014422386,486.667281513679,140.7515437859486,486.667281513679,55.60456956602661,472.12999323222886,246.66607269365642
labeled-data\2016-09-13_3_M160818_FR101_eye\img01562.png,490.4054413574804,133.2752240983457,487.4979837011904,127.04495769200994,482.5137705761218,125.38355331698708,476.28350416978606,131.19846862956712,474.62209979476313,135.76733066088,477.94490854480887,141.99759706721574,482.098419482366,143.6590014422386,487.0826326074347,139.09013941092573,492.482196826259,50.620356440958005,480.0216640135875,243.7586150373664
labeled-data\2016-09-13_3_M160818_FR101_eye\img01763.png,489.57473916996895,133.69057519210142,486.667281513679,130.36776644205568,481.2677172948546,127.87565987952138,476.69885526354176,132.02917081707855,475.4528019822746,136.59803284839143,476.28350416978606,139.50549050468143,480.8523662010989,141.1668948797043,483.34447276363323,138.2594372234143,486.2519304199232,58.096676128560915,479.6063129198318,242.92791284985498
labeled-data\2016-09-13_3_M160818_FR101_eye\img03875.png,486.667281513679,136.59803284839143,482.5137705761218,130.36776644205568,478.77561073232033,128.29101097327708,475.03745088851883,132.85987300458999,472.54534432598456,136.1826817546357,472.12999323222886,142.82829925472717,478.36025963856457,146.98181019228434,482.5137705761218,141.99759706721574,488.7440369824575,56.85062284729375,481.2677172948546,240.43580628732067
labeled-data\2016-09-13_3_M160818_FR101_eye\img05708.png,488.7440369824575,130.36776644205568,485.00587713865605,126.21425550449851,480.4370151073432,123.30679784820848,475.4528019822746,127.04495769200994,473.7913976072517,131.19846862956712,475.03745088851883,139.09013941092573,480.0216640135875,142.41294816097147,485.8365793261675,136.59803284839143,489.57473916996895,53.94316519100374,483.34447276363323,239.18975300605354
labeled-data\2016-09-13_3_M160818_FR101_eye\img06511.png,489.15938807621325,132.44452191083425,487.0826326074347,130.36776644205568,482.9291216698775,126.21425550449851,478.36025963856457,129.95241534829995,476.69885526354176,135.3519795671243,478.77561073232033,138.2594372234143,484.17517495114464,139.09013941092573,487.4979837011904,136.59803284839143,487.4979837011904,58.096676128560915,483.34447276363323,242.92791284985498
labeled-data\2016-09-13_3_M160818_FR101_eye\img09053.png,489.9900902637247,134.10592628585712,487.9133347949461,131.19846862956712,482.9291216698775,129.12171316078852,479.6063129198318,132.44452191083425,476.69885526354176,137.01338394214713,478.36025963856457,140.7515437859486,480.8523662010989,144.07435253599434,485.42122823241175,139.92084159843716,492.0668457325032,61.41948487860665,481.6830683886103,242.09721066234354
labeled-data\2016-09-13_3_M160818_FR101_eye\img11896.png,489.15938807621325,134.10592628585712,486.2519304199232,130.78311753581139,481.2677172948546,127.87565987952138,476.28350416978606,132.44452191083425,475.03745088851883,137.01338394214713,475.03745088851883,142.82829925472717,479.6063129198318,142.82829925472717,485.00587713865605,139.92084159843716,487.9133347949461,59.34272940982805,481.2677172948546,243.34326394361068
labeled-data\2016-09-13_3_M160818_FR101_eye\img12511.png,490.8207924512361,133.69057519210142,487.9133347949461,129.95241534829995,485.00587713865605,127.04495769200994,480.4370151073432,129.53706425454425,477.52955745105317,132.85987300458999,475.4528019822746,138.67478831717,481.6830683886103,143.6590014422386,489.15938807621325,139.09013941092573,489.9900902637247,67.6497512849424,486.2519304199232,237.52834863103067
labeled-data\2016-09-13_3_M160818_FR101_eye\img14617.png,487.4979837011904,136.59803284839143,484.17517495114464,132.02917081707855,481.2677172948546,129.53706425454425,476.28350416978606,134.10592628585712,473.7913976072517,139.09013941092573,474.62209979476313,141.99759706721574,481.2677172948546,144.07435253599434,485.00587713865605,142.41294816097147,485.42122823241175,59.758080503583784,477.94490854480887,247.08142378741215
labeled-data\2016-09-13_3_M160818_FR101_eye\img15842.png,495.8050055763047,134.10592628585712,492.482196826259,128.7063620670328,486.2519304199232,125.38355331698708,476.69885526354176,129.12171316078852,470.8839399509617,134.93662847336856,472.12999323222886,145.7357569110172,483.75982385738894,149.05856566106294,489.15938807621325,143.6590014422386,487.9133347949461,46.05149440964513,476.28350416978606,243.34326394361068
labeled-data\2016-09-13_3_M160818_FR101_eye\img16117.png,494.55895229503756,133.69057519210142,493.31289901377045,128.7063620670328,489.15938807621325,126.62960659825421,485.00587713865605,129.95241534829995,482.098419482366,133.2752240983457,481.6830683886103,140.7515437859486,485.8365793261675,144.07435253599434,492.0668457325032,139.92084159843716,491.2361435449918,53.52781409724804,485.8365793261675,242.51256175609927
labeled-data\2016-09-13_3_M160818_FR101_eye\img16370.png,491.2361435449918,136.59803284839143,489.9900902637247,132.85987300458999,485.8365793261675,128.29101097327708,481.6830683886103,129.95241534829995,477.94490854480887,134.93662847336856,479.6063129198318,140.33619269219287,483.75982385738894,144.48970362975004,487.0826326074347,140.33619269219287,492.482196826259,57.681325034805184,482.9291216698775,244.17396613112214
labeled-data\2016-09-13_3_M160818_FR101_eye\img17089.png,488.3286858887018,134.93662847336856,486.667281513679,130.78311753581139,481.6830683886103,129.53706425454425,474.62209979476313,133.69057519210142,474.62209979476313,138.67478831717,476.69885526354176,142.82829925472717,480.0216640135875,143.6590014422386,486.667281513679,139.09013941092573,489.57473916996895,69.31115565996527,482.5137705761218,231.71343331845063
labeled-data\2016-09-13_3_M160818_FR101_eye\img17847.png,489.15938807621325,133.69057519210142,487.0826326074347,127.87565987952138,480.8523662010989,126.62960659825421,477.52955745105317,131.19846862956712,475.4528019822746,135.3519795671243,475.4528019822746,141.1668948797043,481.6830683886103,141.1668948797043,485.8365793261675,138.67478831717,497.0510588575719,62.25018706611809,495.8050055763047,238.7744019122978
labeled-data\2016-09-13_3_M160818_FR101_eye\img20647.png,489.57473916996895,132.44452191083425,489.15938807621325,126.62960659825421,480.8523662010989,124.13750003571991,474.2067487010074,127.87565987952138,474.2067487010074,132.85987300458999,475.8681530760303,139.92084159843716,482.9291216698775,141.1668948797043,486.2519304199232,137.84408612965856,487.4979837011904,59.758080503583784,486.2519304199232,239.60510409980924
labeled-data\2016-09-13_3_M160818_FR101_eye\img20828.png,488.3286858887018,133.69057519210142,485.42122823241175,129.95241534829995,482.5137705761218,128.29101097327708,479.19096182607603,132.02917081707855,476.69885526354176,136.59803284839143,479.6063129198318,138.67478831717,481.2677172948546,139.92084159843716,485.42122823241175,137.01338394214713,489.9900902637247,58.096676128560915,482.9291216698775,240.8511573810764
labeled-data\2016-09-13_3_M160818_FR101_eye\img21999.png,492.482196826259,138.2594372234143,487.9133347949461,131.19846862956712,483.34447276363323,127.87565987952138,474.62209979476313,132.85987300458999,472.54534432598456,141.1668948797043,475.8681530760303,147.81251237979578,482.5137705761218,149.05856566106294,487.0826326074347,144.48970362975004,491.2361435449918,50.2050053472023,482.9291216698775,242.51256175609927
labeled-data\2016-09-13_3_M160818_FR101_eye\img22583.png,489.57473916996895,135.3519795671243,487.0826326074347,130.36776644205568,482.5137705761218,127.87565987952138,479.19096182607603,132.02917081707855,475.8681530760303,137.01338394214713,477.94490854480887,141.1668948797043,482.098419482366,143.2436503484829,485.8365793261675,139.50549050468143,486.667281513679,58.51202722231662,488.7440369824575,242.51256175609927
labeled-data\2018-03-22_4_FR128_eye\img00957.png,560.1814526604098,169.50492364393398,557.5435775887984,163.05678457999463,549.6299523739636,158.36722889712965,542.009424389308,161.88439565927837,536.1474797857268,165.98775688178523,539.3715493176965,176.24615993805241,545.2334939212777,180.05642393038022,553.4402163662915,176.24615993805241,557.5435775887984,81.28265736003641,548.7506606834265,242.19303672834127
labeled-data\2018-03-22_4_FR128_eye\img01162.png,565.164105573454,167.74634026285963,558.1297720491564,158.95342335748776,549.6299523739636,157.1948399764134,541.7163271591289,164.815367961069,540.8370354685918,171.8497014853665,545.2334939212777,177.41854885876865,551.6816329852171,179.76332670020116,558.7159665095146,174.487576556978,549.0437579136055,79.52407397896204,546.6989800721731,242.19303672834127
labeled-data\2018-03-22_4_FR128_eye\img02763.png,555.7849942077239,167.45324303268055,551.388535755038,162.17749288945745,545.5265911514568,159.24652058766682,536.733674246085,166.86704857232243,534.9750908650105,170.67731256465024,538.7853548573383,175.95306270787336,545.8196883816358,177.1254516285896,552.2678274455752,173.9013820966199,556.9573831284401,81.86885182039453,554.0264108266496,242.48613395852036
labeled-data\2018-03-22_4_FR128_eye\img05481.png,540.2508410082337,166.86704857232243,536.733674246085,160.71200673856214,531.7510213330409,158.36722889712965,522.3719099673109,158.36722889712965,519.1478404353412,163.9360762705318,520.6133265862366,170.0911181042921,525.8890767294597,173.60828486644084,533.5096047141153,172.14279871554555,546.9920773023521,85.38601858254327,543.7680077703824,238.9689671963716
labeled-data\2018-03-22_4_FR128_eye\img06347.png,559.3021609698727,161.5912984290993,553.4402163662915,158.95342335748776,547.5782717627102,155.14315936515996,542.009424389308,157.7810344367715,539.3715493176965,163.9360762705318,541.4232299289499,168.33253472321775,546.6989800721731,170.9704097948293,554.3195080568287,166.57395134214337,546.6989800721731,91.83415764648262,547.5782717627102,227.24507798920914
labeled-data\2018-03-22_4_FR128_eye\img07289.png,557.5435775887984,160.71200673856214,552.5609246757542,156.02245105569713,546.9920773023521,152.79838152372747,542.009424389308,158.6603261273087,537.6129659366221,164.22917350071089,542.009424389308,168.0394374930387,546.405882841994,169.21182641375492,552.2678274455752,165.69465965160617,545.8196883816358,132.28157541119316,543.7680077703824,200.28013281273547
labeled-data\2018-03-22_4_FR128_eye\img07845.png,552.2678274455752,163.34988181017368,546.9920773023521,160.71200673856214,541.1301326987709,158.07413166695056,536.733674246085,163.05678457999463,537.319868706443,167.74634026285963,543.4749105402034,171.26350702500835,547.2851745325312,170.0911181042921,551.388535755038,168.6256319533968,548.7506606834265,93.00654656719888,542.3025216194872,230.17605029099974
labeled-data\2018-03-22_4_FR128_eye\img09698.png,551.095438524859,164.22917350071089,548.1644662230683,160.71200673856214,542.5956188496662,160.125812278204,538.1991603969802,161.5912984290993,533.5096047141153,167.74634026285963,536.1474797857268,173.02209040608273,541.7163271591289,175.6599654776943,548.4575634532474,170.38421533447115,546.6989800721731,107.66140807615196,547.2851745325312,230.17605029099974
labeled-data\2018-03-22_4_FR128_eye\img10337.png,560.7676471207681,161.5912984290993,555.4918969775449,155.72935382551807,547.8713689928893,151.6259926030112,540.5439382384127,159.53961781784588,538.4922576271593,164.52227073088994,542.8887160798453,168.91872918357586,550.2161468343218,172.14279871554555,557.8366748189774,167.1601458025015,542.8887160798453,80.40336566949924,546.9920773023521,238.9689671963716
labeled-data\2018-03-22_4_FR128_eye\img10819.png,557.8366748189774,163.64297904035274,555.7849942077239,156.90174274623433,548.1644662230683,153.9707704444437,539.0784520875175,159.24652058766682,538.1991603969802,165.40156242142712,541.7163271591289,173.31518763626178,546.6989800721731,174.7806737871571,552.8540219059333,170.0911181042921,548.4575634532474,81.28265736003641,540.5439382384127,236.33109212476006
labeled-data\2018-03-22_4_FR128_eye\img11007.png,571.9053418675724,164.815367961069,568.3881751054237,157.48793720659245,563.9917166527378,152.5052842935484,552.8540219059333,157.1948399764134,545.2334939212777,164.815367961069,550.5092440645009,173.60828486644084,556.078091437903,177.7116460889477,564.2848138829168,172.72899317590367,554.3195080568287,81.28265736003641,546.6989800721731,241.3137450378041
labeled-data\2018-03-22_4_FR128_eye\img13147.png,557.2504803586193,166.57395134214337,554.0264108266496,160.71200673856214,550.2161468343218,158.6603261273087,541.4232299289499,163.64297904035274,537.319868706443,168.91872918357586,542.3025216194872,174.19447932679896,547.2851745325312,176.24615993805241,551.6816329852171,172.4358959457246,551.388535755038,83.92053243164796,541.7163271591289,238.9689671963716
labeled-data\2018-03-22_4_FR128_eye\img14869.png,550.8023412946799,163.05678457999463,548.4575634532474,158.95342335748776,542.3025216194872,155.43625659533902,536.1474797857268,158.95342335748776,532.6303130235781,163.64297904035274,533.8027019442943,169.21182641375492,540.5439382384127,169.79802087411304,545.8196883816358,167.74634026285963,545.2334939212777,89.78247703522919,542.009424389308,235.45180043422286
labeled-data\2018-03-22_4_FR128_eye\img15836.png,549.3368551437845,156.60864551605528,546.6989800721731,153.09147875390653,543.1818133100243,150.45360368229498,537.9060631668012,154.2638676746228,535.5612853253687,158.36722889712965,538.7853548573383,162.76368734981557,541.7163271591289,162.4705901196365,546.112785611815,161.5912984290993,542.3025216194872,82.16194905057361,537.319868706443,231.05534198153694
labeled-data\2018-03-22_4_FR128_eye\img17510.png,553.4402163662915,163.05678457999463,550.2161468343218,159.24652058766682,545.2334939212777,154.2638676746228,540.5439382384127,157.7810344367715,534.3888964046524,163.05678457999463,535.5612853253687,168.33253472321775,541.7163271591289,171.8497014853665,547.2851745325312,168.33253472321775,546.405882841994,87.73079642397576,534.0957991744733,235.45180043422286
labeled-data\2018-03-22_4_FR128_eye\img17795.png,565.750300033812,164.815367961069,563.4055221923795,160.41890950838308,555.4918969775449,157.7810344367715,550.2161468343218,161.88439565927837,546.405882841994,167.45324303268055,549.0437579136055,172.4358959457246,554.0264108266496,174.19447932679896,560.7676471207681,169.50492364393398,550.8023412946799,90.36867149558734,544.9403966910986,234.86560597386475
labeled-data\2018-03-22_4_FR128_eye\img18908.png,546.405882841994,166.57395134214337,543.7680077703824,162.17749288945745,540.8370354685918,160.71200673856214,536.733674246085,162.76368734981557,531.4579241028619,165.69465965160617,533.5096047141153,170.38421533447115,537.319868706443,173.02209040608273,541.7163271591289,171.26350702500835,551.388535755038,94.4720327180942,537.6129659366221,234.2794115135066
labeled-data\2018-03-22_4_FR128_eye\img21548.png,557.5435775887984,165.40156242142712,553.4402163662915,158.07413166695056,546.9920773023521,156.60864551605528,540.5439382384127,161.88439565927837,535.8543825555478,166.86704857232243,540.5439382384127,172.14279871554555,546.112785611815,174.19447932679896,554.0264108266496,170.67731256465024,551.6816329852171,96.23061609916857,539.9577437780546,233.10702259279037
labeled-data\2018-03-22_4_FR128_eye\img23233.png,548.1644662230683,166.86704857232243,545.8196883816358,160.71200673856214,541.1301326987709,160.125812278204,535.8543825555478,163.64297904035274,531.7510213330409,168.91872918357586,536.1474797857268,173.31518763626178,540.2508410082337,174.487576556978,545.5265911514568,170.67731256465024,548.1644662230683,100.04088009149635,537.9060631668012,232.2277309022532
labeled-data\2018-03-22_4_FR128_eye\img23816.png,555.7849942077239,165.40156242142712,553.1471191361125,161.88439565927837,548.4575634532474,158.6603261273087,542.3025216194872,163.05678457999463,540.8370354685918,167.45324303268055,544.3542022307406,170.9704097948293,547.5782717627102,171.8497014853665,550.8023412946799,169.21182641375492,551.6816329852171,101.50636624239166,546.405882841994,229.58985583064162
labeled-data\2019-05-21_3_FR140_eye\img0640.png,448.98128649420437,129.0664109816204,445.47927993361657,122.69912632600631,437.83853834687966,118.24202706707644,430.19779676014275,122.69912632600631,424.7856048028708,130.97659637830463,430.51616099292346,137.02551680113802,436.5650814157568,139.89079489616438,443.2507303041517,134.7969671716731,441.65890914024817,30.37349881960182,438.15690257966037,211.2043830390423
labeled-data\2019-05-21_3_FR140_eye\img0644.png,451.20983612366933,129.0664109816204,446.116008399178,123.3358547915677,439.7487237435639,118.56039129985714,433.38143908794984,123.01749055878699,427.96924713067784,129.7031394471818,430.51616099292346,134.7969671716731,437.52017411409895,139.57243066338367,444.52418723527444,134.47860293889238,440.0670879763446,34.83059807853169,434.9732602518534,208.97583340957738
labeled-data\2019-05-21_3_FR140_eye\img0800.png,455.66693538259915,133.52351024055028,453.1200215203535,127.15622558493618,447.3894653303008,124.92767595547124,441.65890914024817,120.78894092932208,436.2467171829761,129.7031394471818,436.2467171829761,136.70715256835732,444.52418723527444,141.1642518272872,449.2996507269851,137.02551680113802,441.9772733730289,35.78569077687382,432.7447106223884,212.1594757373844
labeled-data\2019-05-21_3_FR140_eye\img1423.png,448.98128649420437,129.0664109816204,446.116008399178,123.97258325712912,440.70381644190604,120.78894092932208,434.33653178629197,120.15221246376066,430.51616099292346,128.11131828327828,431.7896179240463,135.75205987001522,438.15690257966037,143.71116568953283,444.84255146805515,137.34388103391873,440.70381644190604,29.100041888479012,432.7447106223884,212.1594757373844
labeled-data\2019-05-21_3_FR140_eye\img2131.png,453.7567499859149,130.0215036799625,449.2996507269851,124.29094748990983,444.52418723527444,122.06239786044489,439.4303595107832,120.78894092932208,434.01816755351126,125.88276865381334,432.7447106223884,134.16023870611167,440.70381644190604,139.57243066338367,449.9363791925465,135.75205987001522,439.1119952780025,35.46732654409311,434.33653178629197,212.1594757373844
labeled-data\2019-05-21_3_FR140_eye\img2670.png,453.4383857531342,130.0215036799625,448.34455802864295,123.97258325712912,441.02218067468675,120.15221246376066,434.01816755351126,122.3807620932256,432.4263463896077,127.79295405049757,437.83853834687966,137.02551680113802,443.88745876971313,141.1642518272872,448.98128649420437,135.1153314044538,436.5650814157568,32.60204844906676,435.2916244846341,215.02475383241077
labeled-data\2019-05-21_3_FR140_eye\img3306.png,447.70782956308153,128.429682516059,444.84255146805515,122.06239786044489,437.52017411409895,118.24202706707644,431.1528894584849,122.3807620932256,426.3774259667743,126.83786135215547,430.51616099292346,135.4336956372345,436.2467171829761,139.25406643060296,442.2956376058096,133.52351024055028,439.7487237435639,36.42241924243521,430.83452522570417,210.8860188062616
labeled-data\2019-05-21_3_FR140_eye\img4219.png,449.2996507269851,126.20113288659405,445.7976441663973,118.87875553263783,438.7936310452218,115.37674897205008,432.4263463896077,119.83384823097995,427.96924713067784,127.79295405049757,434.33653178629197,134.16023870611167,440.0670879763446,136.70715256835732,445.47927993361657,131.61332484386605,439.1119952780025,45.973346225856375,436.88344564853753,205.47382684898963
labeled-data\2019-05-21_3_FR140_eye\img4913.png,450.8914718908886,128.7480467488397,449.2996507269851,120.78894092932208,441.65890914024817,118.24202706707644,434.33653178629197,122.69912632600631,431.7896179240463,130.0215036799625,437.20180988131824,134.47860293889238,440.0670879763446,139.25406643060296,447.3894653303008,134.47860293889238,,,,
labeled-data\2019-05-21_3_FR140_eye\img5041.png,451.84656458923075,126.83786135215547,447.3894653303008,118.56039129985714,440.70381644190604,116.65020590317289,433.69980332073055,121.42566939488347,432.4263463896077,127.79295405049757,436.5650814157568,134.16023870611167,441.9772733730289,137.98060949948015,447.70782956308153,133.20514600776957,439.7487237435639,34.512233845750984,435.2916244846341,211.2043830390423
labeled-data\2019-05-21_3_FR140_eye\img5410.png,455.34857114981844,128.429682516059,451.84656458923075,121.74403362766418,447.0711010975201,120.47057669654137,440.0670879763446,122.69912632600631,437.83853834687966,129.38477521440112,441.02218067468675,135.1153314044538,445.7976441663973,138.93570219782225,451.84656458923075,134.47860293889238,443.2507303041517,38.33260463911944,440.38545220912533,210.8860188062616
labeled-data\2019-05-21_3_FR140_eye\img6112.png,448.02619379586224,129.0664109816204,445.7976441663973,123.3358547915677,440.0670879763446,118.56039129985714,433.69980332073055,122.06239786044489,428.9243398290199,128.7480467488397,429.56106829458133,135.1153314044538,436.5650814157568,139.89079489616438,443.5690945369324,135.75205987001522,436.88344564853753,37.69587617355805,429.2427040618006,212.79620420294583
labeled-data\2019-05-21_3_FR140_eye\img6732.png,448.02619379586224,127.79295405049757,445.16091570083586,121.42566939488347,437.83853834687966,118.56039129985714,430.51616099292346,120.78894092932208,427.0141544323357,129.7031394471818,432.107982156827,135.4336956372345,436.2467171829761,140.5275233617258,442.2956376058096,135.4336956372345,438.7936310452218,34.193869612970275,431.7896179240463,211.8411115046037
labeled-data\2019-05-21_3_FR140_eye\img6902.png,452.8016572875729,127.79295405049757,450.2547434253272,122.06239786044489,442.932366071371,119.19711976541853,439.1119952780025,120.78894092932208,434.33653178629197,125.88276865381334,435.6099887174148,133.841874473331,441.34054490746746,139.89079489616438,449.2996507269851,134.7969671716731,442.2956376058096,36.1040550096545,436.2467171829761,210.24929034070018
labeled-data\2019-05-21_3_FR140_eye\img7495.png,440.38545220912533,122.3807620932256,437.52017411409895,115.05838473926937,428.9243398290199,112.82983510980443,423.19378363896726,115.05838473926937,418.09995591447597,123.01749055878699,421.283598242283,130.97659637830463,429.2427040618006,134.16023870611167,436.88344564853753,128.429682516059,436.88344564853753,36.74078347521592,425.74069750121294,206.11055531455102
labeled-data\2019-05-21_3_FR140_eye\img8175.png,445.47927993361657,125.24604018825192,441.65890914024817,119.19711976541853,434.9732602518534,117.28693436873431,427.96924713067784,120.78894092932208,426.05906173399364,126.83786135215547,429.87943252736204,132.56841754220815,434.01816755351126,135.4336956372345,442.932366071371,132.88678177498886,436.88344564853753,33.238776914628176,430.51616099292346,211.52274727182302
labeled-data\2019-05-21_3_FR140_eye\img8509.png,453.4383857531342,130.33986791274322,448.66292226142366,123.97258325712912,443.5690945369324,121.42566939488347,436.5650814157568,124.92767595547124,436.2467171829761,129.7031394471818,437.83853834687966,135.75205987001522,442.2956376058096,139.25406643060296,450.2547434253272,136.0704241027959,444.52418723527444,40.879518501365084,430.83452522570417,213.43293266850725
labeled-data\2019-05-21_3_FR140_eye\img8602.png,444.52418723527444,124.60931172269053,441.34054490746746,119.19711976541853,434.01816755351126,116.9685701359536,426.3774259667743,123.01749055878699,425.4223332684322,127.79295405049757,427.3325186651164,133.20514600776957,432.7447106223884,136.3887883355766,438.15690257966037,131.93168907664673,437.20180988131824,39.606061570242275,434.01816755351126,211.52274727182302
labeled-data\2019-05-21_3_FR140_eye\img9447.png,453.4383857531342,129.7031394471818,450.8914718908886,122.3807620932256,442.2956376058096,119.83384823097995,436.5650814157568,125.24604018825192,432.7447106223884,132.56841754220815,438.15690257966037,137.02551680113802,441.65890914024817,139.57243066338367,448.98128649420437,135.4336956372345,442.932366071371,32.28368421628605,432.107982156827,211.52274727182302
labeled-data\2019-05-21_3_FR140_eye\img9767.png,460.7607631070905,128.429682516059,457.5771207792834,119.51548399819924,448.02619379586224,118.56039129985714,442.932366071371,123.01749055878699,439.7487237435639,129.0664109816204,442.932366071371,135.75205987001522,447.3894653303008,136.3887883355766,454.0751142186956,134.16023870611167,446.4343726319587,36.1040550096545,440.38545220912533,208.33910494401596
labeled-data\2019-05-21_4_FR140_eye\img00812.png,455.40486817931026,130.69898276731988,454.51253871543065,122.37057443777664,449.753448241406,122.37057443777664,444.1020283035016,122.37057443777664,437.55827890171764,130.9964259219464,442.6148125303689,136.64784585985078,447.6713461590201,139.02739109686314,451.24066401453865,136.05295955059768,438.4506083655973,50.09188786352635,437.2608357470911,205.65465773320906
labeled-data\2019-05-21_4_FR140_eye\img01367.png,431.9068589638133,129.80665330344027,429.82475688142745,124.45267652016244,428.3375411082948,121.478244973897,424.17333694352317,120.58591551001737,420.0091327787515,124.1552333655359,421.49634855188424,128.31943753030754,423.87589378889663,128.61688068493407,427.44521164441517,130.40153961269334,429.2298705721744,105.71375777869017,409.00373605756937,165.49983185862556
labeled-data\2019-05-21_4_FR140_eye\img01531.png,446.18413038588744,123.56034705628281,440.8301536026096,118.8012565822581,434.58384735545224,115.23193872673957,427.44521164441517,118.50381342763157,423.2810074796435,125.64244913866864,428.04009795366824,133.3759711589588,434.58384735545224,136.9452890144773,441.42503991186277,131.59131223119954,438.74805152022384,42.95325215248931,429.2298705721744,207.73675981559487
labeled-data\2019-05-21_4_FR140_eye\img02600.png,454.8099818700572,125.93989229329517,450.9432208599121,120.28847235539084,444.3994714581281,119.9910292007643,435.47617681933184,119.09869973688467,433.6915178915726,124.45267652016244,433.394074736946,130.69898276731988,440.53271044798305,135.75551639597114,448.86111877752637,133.07852800433224,442.91225568499544,37.89671852383805,434.58384735545224,209.52141874335413
labeled-data\2019-05-21_4_FR140_eye\img04888.png,440.8301536026096,122.66801759240317,436.665949437838,118.50381342763157,432.5017452730664,114.6370524174865,425.9579958712824,116.42171134524577,422.98356432501697,122.66801759240317,425.3631095620293,128.9143238395606,430.7170863453071,133.07852800433224,436.9633925924645,129.5092101488137,436.665949437838,38.491604833091145,434.58384735545224,208.33164612484796
labeled-data\2019-05-21_4_FR140_eye\img06194.png,447.6713461590201,124.750119674789,444.3994714581281,119.9910292007643,438.74805152022384,115.52938188136613,432.20430211843984,117.3140408091254,428.04009795366824,123.85779021090937,433.09663158231945,132.48364169507914,439.64038098410344,134.56574377746495,446.481573540514,130.9964259219464,438.4506083655973,33.43507120443988,431.0145294999337,209.52141874335413
labeled-data\2019-05-21_4_FR140_eye\img07837.png,447.3739030043936,127.72455122105444,443.5071419942485,119.9910292007643,437.55827890171764,118.50381342763157,433.09663158231945,120.58591551001737,428.93242741754784,126.8322217571748,430.12220003605404,133.3759711589588,436.0710631285849,138.72994794223658,441.7224830664893,136.05295955059768,438.4506083655973,34.02995751369298,437.2608357470911,211.3060776711134
labeled-data\2019-05-21_4_FR140_eye\img12731.png,451.5381071691652,126.23733544792172,447.07645984976705,119.69358604613774,441.7224830664893,116.42171134524577,435.47617681933184,119.9910292007643,432.5017452730664,128.021994375681,435.7736199739584,134.56574377746495,441.1275967572361,137.83761847835694,446.481573540514,133.3759711589588,437.8557220563442,33.137628049813344,442.91225568499544,213.38817975349923
labeled-data\2019-05-21_4_FR140_eye\img13181.png,455.7023113339369,125.64244913866864,452.13299347841837,119.3961428915112,447.07645984976705,119.09869973688467,439.0454946748504,121.18080181927047,435.47617681933184,127.72455122105444,439.64038098410344,133.67341431358534,445.8866872312609,137.5401753237304,450.6457777052856,133.3759711589588,442.6148125303689,36.409502750705315,440.2352672933565,211.60352082573996
labeled-data\2019-05-21_4_FR140_eye\img15106.png,451.24066401453865,128.31943753030754,447.07645984976705,120.28847235539084,440.2352672933565,117.61148396375194,434.28640420082564,122.96546074702974,431.60941580918677,130.9964259219464,435.1787336647053,135.16063008671807,439.64038098410344,136.9452890144773,445.8866872312609,133.07852800433224,,,,
labeled-data\2019-05-21_4_FR140_eye\img18677.png,443.80458514887505,124.45267652016244,442.91225568499544,117.01659765449884,435.47617681933184,115.23193872673957,426.85032533516204,120.58591551001737,422.98356432501697,126.23733544792172,426.85032533516204,131.59131223119954,431.60941580918677,134.56574377746495,440.53271044798305,130.40153961269334,,,,
labeled-data\2019-05-21_4_FR140_eye\img20167.png,448.86111877752637,124.750119674789,445.29180092200784,120.28847235539084,438.4506083655973,117.61148396375194,431.0145294999337,122.0731312831501,429.2298705721744,127.72455122105444,431.31197265456024,133.3759711589588,436.9633925924645,136.64784585985078,444.1020283035016,130.1040964580668,437.8557220563442,37.30183221458495,437.2608357470911,207.43931666096833
labeled-data\2019-05-21_4_FR140_eye\img20283.png,447.07645984976705,126.8322217571748,444.9943577673813,121.478244973897,437.2608357470911,119.69358604613774,428.93242741754784,124.1552333655359,425.66055271665584,130.9964259219464,433.09663158231945,133.97085746821188,437.8557220563442,136.9452890144773,442.3173693757424,132.48364169507914,439.0454946748504,64.07171613097395,437.2608357470911,192.5671589296411
labeled-data\2019-05-21_4_FR140_eye\img20717.png,444.1020283035016,122.96546074702974,442.01992622111584,118.8012565822581,435.1787336647053,116.1242681906192,427.1477684897886,122.66801759240317,425.9579958712824,128.61688068493407,429.2298705721744,132.48364169507914,433.6915178915726,134.8631869320915,440.8301536026096,129.5092101488137,433.394074736946,36.11205959607878,433.6915178915726,209.2239755887276
labeled-data\2019-05-21_4_FR140_eye\img25905.png,456.89208395244304,131.88875538582607,454.2150955608041,124.45267652016244,448.56367562289984,123.56034705628281,442.91225568499544,122.66801759240317,438.4506083655973,129.5092101488137,439.3429378294769,136.64784585985078,444.9943577673813,143.78648157088784,451.8355503237917,138.43250478761004,443.5071419942485,37.89671852383805,437.55827890171764,210.7111913618603
labeled-data\2019-05-21_4_FR140_eye\img27879.png,455.99975448856344,128.9143238395606,452.4304366330449,124.750119674789,445.29180092200784,121.478244973897,440.2352672933565,126.23733544792172,436.665949437838,133.07852800433224,442.3173693757424,137.83761847835694,448.56367562289984,138.72994794223658,453.62020925155105,134.2683006228384,442.01992622111584,32.84018489518678,441.42503991186277,208.33164612484796
labeled-data\2019-05-21_4_FR140_eye\img28065.png,454.8099818700572,127.72455122105444,450.34833455065905,120.88335866464394,442.3173693757424,119.69358604613774,435.7736199739584,125.34500598404209,434.28640420082564,131.29386907657297,441.42503991186277,135.75551639597114,445.29180092200784,136.9452890144773,448.56367562289984,133.3759711589588,442.3173693757424,34.32740066831951,437.8557220563442,212.49585028961957
labeled-data\2019-05-21_4_FR140_eye\img33268.png,454.8099818700572,128.9143238395606,451.24066401453865,123.56034705628281,447.3739030043936,123.26290390165627,440.53271044798305,123.85779021090937,438.74805152022384,128.31943753030754,440.53271044798305,134.2683006228384,444.1020283035016,138.43250478761004,451.24066401453865,134.56574377746495,439.93782413873,41.763479533983116,435.1787336647053,212.19840713499303
labeled-data\2019-05-21_4_FR140_eye\img34099.png,442.6148125303689,127.72455122105444,439.64038098410344,122.0731312831501,432.20430211843984,119.3961428915112,425.66055271665584,124.45267652016244,424.76822325277624,129.80665330344027,427.44521164441517,133.3759711589588,433.9889610461991,135.75551639597114,440.53271044798305,133.3759711589588,434.28640420082564,36.70694590533188,433.9889610461991,214.28050921737884
labeled-data\2019-05-21_4_FR140_eye\img36372.png,455.7023113339369,129.5092101488137,452.4304366330449,124.45267652016244,446.481573540514,123.26290390165627,441.42503991186277,128.021994375681,439.3429378294769,133.97085746821188,442.6148125303689,138.13506163298348,447.6713461590201,139.32483425148968,450.9432208599121,136.05295955059768,434.28640420082564,40.87115007010348,442.91225568499544,209.52141874335413
labeled-data\2019-05-21_5_FR140_eye\img03141.png,450.1676737029818,128.6947615652808,445.97178000075564,123.44989443749816,437.92965040482227,119.95331635230971,430.9364942344454,125.19818348009237,429.8875208088889,132.89065526750693,436.181361362228,136.7368911612142,440.3772550644542,140.58312705492148,445.97178000075564,133.93962869306347,438.6289660218599,32.88852203111773,436.88067697926573,208.4167419075771
labeled-data\2019-05-21_5_FR140_eye\img08922.png,444.92280657519916,125.89749909713005,439.67793944741646,119.25400073527203,431.6358098514831,117.85536950119666,427.0902583407381,120.6526319693474,423.24402244703083,126.94647252268659,427.439916149257,132.89065526750693,432.3351254685208,135.68791773565766,438.6289660218599,133.24031307602576,433.7337567025961,64.35772479781363,433.7337567025961,184.64001092829574
labeled-data\2019-05-21_5_FR140_eye\img09950.png,453.31459397965136,129.39407718231848,449.4683580859441,123.44989443749816,442.8248597240861,121.35194758638508,435.48204574519036,124.49886786305468,430.58683642592655,130.79270841639385,434.083414511115,136.7368911612142,441.77588629852954,141.63210048047802,448.0697268518687,136.7368911612142,440.3772550644542,39.18236258445691,431.2861520429642,211.56366218424668
labeled-data\2019-05-21_5_FR140_eye\img12051.png,457.86014549039635,133.5899708845446,454.71322521372673,129.74373499083734,449.818015894463,126.24715690564891,442.47520191556725,127.29613033120543,437.92965040482227,133.5899708845446,440.3772550644542,140.23346924640265,444.92280657519916,142.68107390603456,453.6642517881702,140.23346924640265,439.32828163889764,40.23133601001342,437.2303347877846,209.11605752461477
labeled-data\2019-05-21_5_FR140_eye\img13968.png,463.105012618179,131.8416818419504,460.30775015002826,123.799552246017,454.71322521372673,123.799552246017,449.11870027742526,126.59681471416775,445.272464383718,130.79270841639385,447.0207534263122,137.08654896973303,454.3635674052079,139.8838114378838,460.30775015002826,136.38723335269538,442.47520191556725,43.028598478164184,438.2793082133411,212.96229341832205
labeled-data\2019-05-21_5_FR140_eye\img20259.png,438.2793082133411,128.34510375676194,431.2861520429642,121.00228977786625,426.04128491518156,121.35194758638508,421.84539121295546,124.14921005453584,420.09710217036127,128.6947615652808,423.59368025554966,134.63894431010112,426.7406005322193,136.7368911612142,433.03444108555846,133.93962869306347,435.8317035537092,47.923807797428,432.6847832770396,209.81537314165246
labeled-data\2019-05-21_5_FR140_eye\img20827.png,449.11870027742526,127.99544594824312,444.22349095816145,122.75057882046048,439.32828163889764,120.30297416082857,433.03444108555846,123.10023662897932,429.53786300037,127.29613033120543,431.6358098514831,133.93962869306347,437.92965040482227,138.13552239528957,444.92280657519916,133.5899708845446,439.67793944741646,39.18236258445691,436.88067697926573,207.36776848202055
labeled-data\2019-05-21_5_FR140_eye\img23069.png,455.41254083076444,130.0933927993562,453.6642517881702,126.24715690564891,445.97178000075564,123.10023662897932,441.42622849001066,123.799552246017,438.2793082133411,129.04441937379966,437.92965040482227,134.63894431010112,445.6221221922368,140.23346924640265,451.915962745576,135.68791773565766,439.32828163889764,35.33612669074964,437.2303347877846,210.1650309501713
labeled-data\2019-05-21_5_FR140_eye\img25446.png,449.818015894463,128.6947615652808,447.7200690433499,123.10023662897932,441.42622849001066,121.70160539490394,435.8317035537092,124.49886786305468,431.9854676600019,131.1423662249127,434.083414511115,137.08654896973303,441.07657068149183,140.58312705492148,447.7200690433499,133.5899708845446,441.07657068149183,43.028598478164184,435.48204574519036,212.61263560980322
labeled-data\2019-05-21_5_FR140_eye\img28564.png,438.6289660218599,129.04441937379966,438.97862383037875,122.40092101194162,430.58683642592655,121.35194758638508,423.24402244703083,123.10023662897932,418.69847093628584,132.19133965046922,420.09710217036127,136.38723335269538,428.48888957481347,139.8838114378838,435.48204574519036,135.68791773565766,436.53101917074684,39.53202039297574,432.3351254685208,211.91331999276554
labeled-data\2019-05-21_5_FR140_eye\img32396.png,456.8111720648398,124.49886786305468,455.41254083076444,118.55468511823435,449.4683580859441,116.10708045860244,443.52417534112374,122.05126320342279,442.47520191556725,127.99544594824312,444.92280657519916,132.19133965046922,450.86698932001946,133.24031307602576,455.0628830222456,127.99544594824312,439.32828163889764,49.322439031503365,436.88067697926573,203.17187477979445
labeled-data\2019-05-21_5_FR140_eye\img32850.png,453.6642517881702,129.39407718231848,450.51733151150063,124.84852567157353,447.7200690433499,122.40092101194162,440.3772550644542,123.44989443749816,437.2303347877846,132.5409974589881,441.42622849001066,137.78586458677074,448.0697268518687,136.7368911612142,451.5663049370571,133.5899708845446,444.22349095816145,41.979625052607645,438.97862383037875,211.56366218424668
labeled-data\2019-05-21_5_FR140_eye\img35568.png,450.1676737029818,129.74373499083734,445.97178000075564,123.799552246017,439.32828163889764,123.10023662897932,433.03444108555846,124.49886786305468,429.8875208088889,132.5409974589881,432.3351254685208,138.48518020380843,438.6289660218599,142.3314160975157,444.92280657519916,136.03757554417652,434.4330723196338,42.3292828611265,430.2371786174077,212.96229341832205
labeled-data\2019-05-21_5_FR140_eye\img37089.png,446.32143780927447,123.799552246017,444.92280657519916,120.30297416082857,440.3772550644542,117.5057116926778,435.8317035537092,116.4567382671213,431.2861520429642,122.40092101194162,431.6358098514831,130.0933927993562,436.53101917074684,133.24031307602576,442.12554410704837,129.39407718231848,434.083414511115,34.2871532651931,435.48204574519036,210.1650309501713
labeled-data\2019-05-21_5_FR140_eye\img42136.png,454.013909596689,129.39407718231848,450.86698932001946,123.44989443749816,444.5731487666803,122.05126320342279,437.2303347877846,125.19818348009237,435.48204574519036,132.5409974589881,438.2793082133411,138.13552239528957,443.1745175326049,140.58312705492148,450.51733151150063,135.68791773565766,442.8248597240861,40.58099381853228,437.92965040482227,210.1650309501713
labeled-data\2019-05-21_5_FR140_eye\img42439.png,434.4330723196338,124.84852567157353,431.6358098514831,120.30297416082857,427.0902583407381,118.9043429267532,421.49573340443663,120.30297416082857,418.348813127767,125.89749909713005,421.49573340443663,132.19133965046922,425.3419692981439,135.68791773565766,431.6358098514831,130.0933927993562,438.97862383037875,42.67894066964533,432.6847832770396,207.36776848202055
labeled-data\2019-05-21_5_FR140_eye\img47806.png,450.86698932001946,130.79270841639385,450.1676737029818,123.44989443749816,441.77588629852954,119.95331635230971,433.03444108555846,125.19818348009237,430.58683642592655,130.44305060787502,434.4330723196338,136.7368911612142,442.12554410704837,141.63210048047802,445.6221221922368,137.08654896973303,444.92280657519916,38.48304696741923,440.3772550644542,209.81537314165246
labeled-data\2019-05-21_5_FR140_eye\img51863.png,452.2656205540949,131.1423662249127,448.7690424689064,124.49886786305468,443.52417534112374,122.40092101194162,437.57999259630344,123.799552246017,432.6847832770396,130.79270841639385,434.4330723196338,138.83483801232728,439.67793944741646,141.28244267195916,448.7690424689064,137.78586458677074,437.57999259630344,39.18236258445691,439.67793944741646,207.7174262905394
labeled-data\2019-05-21_5_FR140_eye\img53450.png,461.7063813841036,129.39407718231848,460.30775015002826,122.75057882046048,454.71322521372673,121.70160539490394,451.915962745576,123.44989443749816,443.87383314964256,127.29613033120543,445.272464383718,133.24031307602576,450.86698932001946,138.83483801232728,456.8111720648398,136.03757554417652,442.8248597240861,37.43407354186269,440.02759725593535,211.21400437572782
labeled-data\2019-05-21_5_FR140_eye\img55085.png,454.71322521372673,130.44305060787502,453.6642517881702,125.89749909713005,448.7690424689064,122.75057882046048,439.67793944741646,126.24715690564891,437.57999259630344,132.89065526750693,441.42622849001066,139.1844958208461,445.6221221922368,140.9327848634403,450.86698932001946,135.33825992713884,437.57999259630344,38.13338915890037,431.2861520429642,210.51468875869017
labeled-data\2019-05-21_6_FR140_eye\img00753.png,492.97854243957704,125.11335013833107,478.151779875438,86.71583683120178,440.13443996738926,69.60803387257982,390.33172468784534,89.75722402384568,376.64548232094774,130.43577772545788,401.3567532611795,170.35398462890913,441.6551335637112,182.51953339948471,478.5319532745185,160.84964965189693,438.23357297198686,26.64843977648468,434.81201238026244,215.97479251856768
labeled-data\2019-05-21_6_FR140_eye\img03600.png,499.0613168248649,127.77456393189448,487.6561148524503,87.09601023028227,440.13443996738926,62.38473929005056,388.43085769244294,83.67444963855789,370.1825345365795,136.1383787116652,393.3731118804892,176.43675901419692,433.2913187839405,190.88334817925545,484.99490105888685,169.21346443166766,440.13443996738926,27.02861317556517,435.19218577934294,211.41271172960182
labeled-data\2019-05-21_6_FR140_eye\img06086.png,505.52426460923317,124.73317673925058,482.3336872653234,75.31063485878715,438.2335729719868,61.24421909280912,391.1819106561027,81.31383984168545,370.51522694822893,129.91881819168484,389.65104519626016,174.69663289207796,437.4905908163383,194.21516750506981,492.2190310057076,163.98057467318046,439.786889006102,26.585399652316084,437.4905908163383,213.7337021180617
labeled-data\2019-05-21_6_FR140_eye\img09759.png,511.35484925373885,122.26449089247234,494.13261283051077,78.63482528696107,443.23133629074766,57.58542521412673,391.94734338602393,75.19037800231547,368.21892875846515,128.00523636688172,388.50289610137827,175.0793492570386,437.8733071812989,194.59788387003044,497.95977648011706,162.0669928483773,444.37948538562955,26.202683287355484,435.19429262657457,221.00531305231357
labeled-data\2019-05-21_6_FR140_eye\img13118.png,512.5029983486207,120.73362543262982,499.8733583049202,84.37557076137045,447.05849994035395,56.43727611924484,390.4164779261814,80.93112347672485,373.9596742328746,136.42499639601544,401.1325361450789,181.96824382632983,444.7622017505902,196.12874932987296,496.42891102027454,164.36329103814109,436.34244172145645,28.49898147711923,443.6140526557083,212.5855530231798
labeled-data\2019-05-21_6_FR140_eye\img13456.png,514.0338638084633,119.58547633774796,494.5153291954714,73.27679617751235,447.05849994035395,54.906410659402354,393.47820884586645,78.25210892200047,375.49053969271705,123.4126399873542,402.66340160492143,181.5855274613692,449.7375144950783,196.12874932987296,506.7622528742114,156.70896373892856,442.4659035608264,28.88169784207986,445.91035084547207,212.5855530231798
labeled-data\2019-05-21_6_FR140_eye\img14870.png,512.8857147135814,123.02992362239357,491.45359827578636,70.98049798774858,446.6757835753933,56.05455975428421,383.1448669919296,85.14100349129171,370.1325105832683,125.70893817711794,394.2436415757877,176.9929310818417,442.84861992578703,193.44973477514856,498.7252092100383,162.44970921333794,440.16960537106263,25.819966922394855,443.9967690206689,212.20283665821918
labeled-data\2019-05-21_6_FR140_eye\img15370.png,507.9104019690933,123.4126399873542,491.45359827578636,78.25210892200047,443.23133629074766,58.73357430900859,388.50289610137827,79.78297438184296,367.4534960285439,131.0669672865667,395.3917906706696,180.82009473144797,447.4412163053145,194.21516750506981,492.2190310057076,165.89415649798357,442.0831871958658,30.029846936961718,443.23133629074766,211.43740392829795
labeled-data\2019-05-21_6_FR140_eye\img15600.png,508.29311833405393,124.94350544719671,488.774583721062,78.63482528696107,440.16960537106263,57.58542521412673,380.08313607224454,85.14100349129171,366.6880632986227,136.42499639601544,391.5646270210633,179.28922927160545,437.10787445137765,193.44973477514856,494.13261283051077,163.2151419432592,443.23133629074766,31.560712396804206,431.7498453419289,216.41271667278608
labeled-data\2019-05-21_6_FR140_eye\img18711.png,511.7375656186995,124.56078908223608,496.0461946553139,82.07927257160671,438.25602354625954,56.81999248420547,396.1572234005908,74.04222890743358,368.6016451234258,124.17807271727546,382.76215062696895,170.8694692424717,438.25602354625954,196.5114656948336,488.774583721062,172.7830510672748,443.23133629074766,30.029846936961718,437.4905908163383,216.03000030782545
labeled-data\2019-05-21_6_FR140_eye\img26985.png,510.9721328887782,122.26449089247234,490.30544918090453,75.19037800231547,443.23133629074766,53.75826156452047,396.1572234005908,68.68419979798483,367.4534960285439,124.56078908223608,388.50289610137827,173.9312001621567,448.2066490352358,193.83245114010919,492.2190310057076,166.65958922790483,447.05849994035395,25.437250557434226,435.19429262657457,211.82012029325858
labeled-data\2019-05-21_6_FR140_eye\img28969.png,513.268431078542,120.35090906766919,492.2190310057076,70.59778162278798,450.1202308600389,56.43727611924484,414.5276089187008,63.32617068853608,376.63868878759894,114.22744722829921,398.4535215903545,176.61021471688107,442.0831871958658,193.44973477514856,492.60174737066825,169.3386037826292,441.3177544659445,29.64713057200109,437.10787445137765,212.96826938814044
labeled-data\2019-05-21_6_FR140_eye\img30906.png,502.5523728596445,120.35090906766919,485.71285280137704,78.63482528696107,437.8733071812989,56.81999248420547,387.73746337145707,75.19037800231547,364.7744814738196,133.74598184129107,396.5399397655514,182.35096019129045,446.2930672104327,193.06701841018793,487.6264346261802,165.89415649798357,443.23133629074766,30.412563301922347,439.0214562761808,216.03000030782545
labeled-data\2019-05-21_6_FR140_eye\img33186.png,508.67583469901456,127.23980363696046,488.774583721062,71.3632143527092,443.6140526557083,57.58542521412673,393.0954924809058,75.9558107322367,371.2806596781502,136.80771276097607,400.7498197801183,179.67194563656608,438.25602354625954,192.68430204522733,493.74989646555014,166.65958922790483,447.4412163053145,28.49898147711923,435.9597253564958,215.2645675779042
labeled-data\2019-05-21_6_FR140_eye\img37409.png,512.5029983486207,126.09165454207857,496.81162738523517,77.48667619207922,448.2066490352358,56.43727611924484,391.5646270210633,84.37557076137045,376.63868878759894,138.72129458577922,396.5399397655514,176.61021471688107,443.23133629074766,192.3015856802667,493.74989646555014,167.8077383227867,442.4659035608264,26.585399652316084,441.3177544659445,212.20283665821918
labeled-data\2019-05-21_6_FR140_eye\img42241.png,510.2067001588571,121.49905816255108,492.60174737066825,75.19037800231547,440.16960537106263,54.140977929481096,381.9967178970477,82.84470530152797,367.0707796635833,132.98054911136984,397.3053724954727,178.5237965416842,443.23133629074766,192.3015856802667,488.0091509911408,173.16576743223544,439.0214562761808,25.819966922394855,442.0831871958658,214.1164184830223
labeled-data\2019-05-21_6_FR140_eye\img43868.png,511.35484925373885,118.43732724286608,492.60174737066825,76.33852709719733,441.70047083090515,54.140977929481096,380.46585243720517,89.35088350585858,371.2806596781502,126.4743709070392,391.5646270210633,174.69663289207796,441.3177544659445,192.68430204522733,492.9844637356289,163.98057467318046,443.23133629074766,28.88169784207986,441.3177544659445,211.05468756333732
labeled-data\2019-05-21_6_FR140_eye\img46811.png,507.52768560413267,120.73362543262982,488.774583721062,74.80766163735484,436.7251580864171,51.46196337475672,393.47820884586645,63.32617068853608,363.2436160139771,128.77066909680295,389.2683288312995,175.84478198695984,439.40417264114143,191.53615295034544,493.3671801005895,162.44970921333794,439.786889006102,28.49898147711923,437.4905908163383,213.7337021180617
labeled-data\2019-05-21_6_FR140_eye\img51908.png,507.14496923917204,116.90646178302359,480.3548236919283,67.15333433814234,438.25602354625954,54.140977929481096,380.8485688021658,79.0175416519217,360.18188509429206,133.74598184129107,387.35474700649644,180.0546620015267,436.34244172145645,196.5114656948336,489.15730008602264,165.89415649798357,435.19429262657457,30.029846936961718,433.66342716673205,214.49913484798293
labeled-data\2019-05-21_6_FR140_eye\img52107.png,505.99682014429015,122.26449089247234,490.6881655458651,78.25210892200047,443.6140526557083,56.05455975428421,390.0337615612208,71.3632143527092,364.391765108859,128.38795273184232,391.1819106561027,176.22749835192045,435.5770089915352,192.3015856802667,487.24371826121956,168.19045468774732,440.16960537106263,28.88169784207986,436.34244172145645,213.7337021180617
